{
  "kind": "collectionType",
  "collectionName": "Maternity",
  "info": {
    "name": "Maternity",
    "description": ""
  },
  "options": {
    "increments": true,
    "timestamps": true,
    "draftAndPublish": true
  },
  "attributes": {
    "NAME": {
      "type": "string",
      "required": true
    },
    "CNPJ": {
      "type": "string",
      "required": true,
      "unique": true
    },
    "ADDRESS": {
      "type": "string",
      "required": false
    },
    "CITY": {
      "type": "string"
    },
    "STATE": {
      "type": "string"
    },
    "CEP": {
      "type": "string"
    },
    "PHONE": {
      "type": "string",
      "required": true
    },
    "WEBSITE": {
      "type": "string"
    },
    "LOGO": {
      "collection": "file",
      "via": "related",
      "allowedTypes": [
        "files",
        "images",
        "videos"
      ],
      "plugin": "upload",
      "required": false
    },
    "slug": {
      "type": "string",
      "required": true,
      "unique": true
    },
    "plans": {
      "collection": "plans"
    }
  }
}
