{
  "routes": [
    {
      "method": "GET",
      "path": "/contracts",
      "handler": "contract.find",
      "config": {
        "policies": []
      }
    },
    {
      "method": "GET",
      "path": "/contracts/count",
      "handler": "contract.count",
      "config": {
        "policies": []
      }
    },
    {
      "method": "GET",
      "path": "/contracts/:id",
      "handler": "contract.findOne",
      "config": {
        "policies": []
      }
    },
    {
      "method": "POST",
      "path": "/contracts",
      "handler": "contract.create",
      "config": {
        "policies": []
      }
    },
    {
      "method": "PUT",
      "path": "/contracts/:id",
      "handler": "contract.update",
      "config": {
        "policies": []
      }
    },
    {
      "method": "DELETE",
      "path": "/contracts/:id",
      "handler": "contract.delete",
      "config": {
        "policies": []
      }
    }
  ]
}
