{
  "routes": [
    {
      "method": "GET",
      "path": "/plans",
      "handler": "plans.find",
      "config": {
        "policies": []
      }
    },
    {
      "method": "GET",
      "path": "/plans/count",
      "handler": "plans.count",
      "config": {
        "policies": []
      }
    },
    {
      "method": "GET",
      "path": "/plans/:id",
      "handler": "plans.findOne",
      "config": {
        "policies": []
      }
    },
    {
      "method": "POST",
      "path": "/plans",
      "handler": "plans.create",
      "config": {
        "policies": []
      }
    },
    {
      "method": "PUT",
      "path": "/plans/:id",
      "handler": "plans.update",
      "config": {
        "policies": []
      }
    },
    {
      "method": "DELETE",
      "path": "/plans/:id",
      "handler": "plans.delete",
      "config": {
        "policies": []
      }
    }
  ]
}
