{
  "kind": "collectionType",
  "collectionName": "Plans",
  "info": {
    "name": "Plans",
    "description": ""
  },
  "options": {
    "increments": true,
    "timestamps": true,
    "draftAndPublish": true
  },
  "attributes": {
    "TITLE": {
      "type": "string"
    },
    "DESCRIPTION": {
      "type": "text"
    },
    "ADDITIONAL_INFO": {
      "type": "text"
    },
    "CONTRACT": {
      "collection": "file",
      "via": "related",
      "allowedTypes": [
        "images",
        "files",
        "videos"
      ],
      "plugin": "upload",
      "required": false
    },
    "VALUE": {
      "type": "decimal"
    },
    "MATERNITY_ID": {
      "model": "maternity"
    }
  }
}
