{
  "routes": [
    {
      "method": "GET",
      "path": "/maternities",
      "handler": "maternity.find",
      "config": {
        "policies": []
      }
    },
    {
      "method": "GET",
      "path": "/maternities/count",
      "handler": "maternity.count",
      "config": {
        "policies": []
      }
    },
    {
      "method": "GET",
      "path": "/maternities/:id",
      "handler": "maternity.findOne",
      "config": {
        "policies": []
      }
    },
    {
      "method": "POST",
      "path": "/maternities",
      "handler": "maternity.create",
      "config": {
        "policies": []
      }
    },
    {
      "method": "PUT",
      "path": "/maternities/:id",
      "handler": "maternity.update",
      "config": {
        "policies": []
      }
    },
    {
      "method": "DELETE",
      "path": "/maternities/:id",
      "handler": "maternity.delete",
      "config": {
        "policies": []
      }
    }
  ]
}
