{
  "kind": "collectionType",
  "collectionName": "customers",
  "info": {
    "name": "Customers"
  },
  "options": {
    "increments": true,
    "timestamps": true,
    "draftAndPublish": true
  },
  "attributes": {
    "NAME": {
      "type": "string"
    },
    "CPF": {
      "type": "string"
    },
    "ADDRESS": {
      "type": "string"
    },
    "CITY": {
      "type": "string"
    },
    "STATE": {
      "type": "string"
    },
    "CEP": {
      "type": "string"
    },
    "PHONE": {
      "type": "string"
    },
    "EMAIL": {
      "type": "email"
    },
    "GESTATION_TIME": {
      "type": "decimal"
    },
    "CUSTOMER_TYPE": {
      "type": "enumeration",
      "enum": [
        "Mae",
        "Pai",
        "Familiar"
      ]
    }
  }
}
